http://nzcommons.org.nz/autumn-roses/,http://nzcommons.org.nz/posts/autumn-roses.html
http://nzcommons.org.nz/licence-read/,http://nzcommons.org.nz/posts/licence-read.html
http://nzcommons.org.nz/tag/daniel-strypey-bruce,/categories/daniel-strypey-bruce/
http://nzcommons.org.nz/marsden-online-archive-cc-licensed/,http://nzcommons.org.nz/posts/marsden-online-archive-cc-licensed.html
http://nzcommons.org.nz/new-openly-licensed-ebook-on-nz-arts-and-crafts-design/,http://nzcommons.org.nz/posts/new-openly-licensed-ebook-on-nz-arts-and-crafts-design.html
http://nzcommons.org.nz/peg-doll-pacific-princess/,http://nzcommons.org.nz/posts/peg-doll-pacific-princess.html
http://nzcommons.org.nz/creative-commons-grandchild/,http://nzcommons.org.nz/posts/creative-commons-grandchild.html
http://nzcommons.org.nz/?page_id=817,http://nzcommons.org.nz/stories/817.html
http://nzcommons.org.nz/tag/tim-mcnamara,/categories/tim-mcnamara/
http://nzcommons.org.nz/new-digital-divide/,http://nzcommons.org.nz/posts/new-digital-divide.html
http://nzcommons.org.nz/man-city/,http://nzcommons.org.nz/posts/man-city.html
http://nzcommons.org.nz/portrait/,http://nzcommons.org.nz/posts/portrait.html
http://nzcommons.org.nz/thames/,http://nzcommons.org.nz/posts/thames.html
http://nzcommons.org.nz/festival-flowers/,http://nzcommons.org.nz/posts/festival-flowers.html
http://nzcommons.org.nz/tag/stuart-yeates,/categories/stuart-yeates/
http://nzcommons.org.nz/tag/private,/categories/private/
http://nzcommons.org.nz/vertical-cinema-manifesto/,http://nzcommons.org.nz/posts/vertical-cinema-manifesto.html
http://nzcommons.org.nz/terms-of-use/,http://nzcommons.org.nz/stories/terms-of-use.html
http://nzcommons.org.nz/artist-william-mckee-discusses-creative-commons-open-source-and-open-education/,http://nzcommons.org.nz/posts/artist-william-mckee-discusses-creative-commons-open-source-and-open-education.html
http://nzcommons.org.nz/school-journal-illustration/,http://nzcommons.org.nz/posts/school-journal-illustration.html
http://nzcommons.org.nz/tag/hunter-wilson-burke,/categories/hunter-wilson-burke/
http://nzcommons.org.nz/unintended-benefits-libre/,http://nzcommons.org.nz/posts/unintended-benefits-libre.html
http://nzcommons.org.nz/men-playing/,http://nzcommons.org.nz/posts/men-playing.html
http://nzcommons.org.nz/towards-open-archive-uc-ceismic/,http://nzcommons.org.nz/posts/towards-open-archive-uc-ceismic.html
http://nzcommons.org.nz/tag/darusha-wehm,/categories/darusha-wehm/
http://nzcommons.org.nz/recollect-upper-hutt-city-library/,http://nzcommons.org.nz/posts/recollect-upper-hutt-city-library.html
http://nzcommons.org.nz/open-access-university-waikato/,http://nzcommons.org.nz/posts/open-access-university-waikato.html
http://nzcommons.org.nz/warrington-school/,http://nzcommons.org.nz/posts/warrington-school.html
http://nzcommons.org.nz/te-papas-openly-licensed-images/,http://nzcommons.org.nz/posts/te-papas-openly-licensed-images.html
http://nzcommons.org.nz/tag/sarah-powell,/categories/sarah-powell/
http://nzcommons.org.nz/wellington-high-school/,http://nzcommons.org.nz/posts/wellington-high-school.html
http://nzcommons.org.nz/moocs-101/,http://nzcommons.org.nz/posts/moocs-101.html
http://nzcommons.org.nz/tag/nicole-nogoy,/categories/nicole-nogoy/
http://nzcommons.org.nz/creative-commons-school-executives/,http://nzcommons.org.nz/posts/creative-commons-school-executives.html
http://nzcommons.org.nz/from-collecting-domains-to-a-connected-commons/,http://nzcommons.org.nz/posts/from-collecting-domains-to-a-connected-commons.html
http://nzcommons.org.nz/creative-commons-copyright-reform/,http://nzcommons.org.nz/posts/creative-commons-copyright-reform.html
http://nzcommons.org.nz/tag/harry-chapman,/categories/harry-chapman/
http://nzcommons.org.nz/kororareka-beach-bay-islands-new-zealand/,http://nzcommons.org.nz/posts/kororareka-beach-bay-islands-new-zealand.html
http://nzcommons.org.nz/albany-senior-high-school/,http://nzcommons.org.nz/posts/albany-senior-high-school.html
http://nzcommons.org.nz/open-access-good-kiwi-businesses/,http://nzcommons.org.nz/posts/open-access-good-kiwi-businesses.html
http://nzcommons.org.nz/wikihouse-nz/,http://nzcommons.org.nz/posts/wikihouse-nz.html
http://nzcommons.org.nz/institutional-repositories-101/,http://nzcommons.org.nz/posts/institutional-repositories-101.html
http://nzcommons.org.nz/christchurch-earthquake/,http://nzcommons.org.nz/posts/christchurch-earthquake.html
http://nzcommons.org.nz/copyright-informal-formality/,http://nzcommons.org.nz/posts/copyright-informal-formality.html
http://nzcommons.org.nz/summer-room/,http://nzcommons.org.nz/posts/summer-room.html
http://nzcommons.org.nz/anthony/,http://nzcommons.org.nz/posts/anthony.html
http://nzcommons.org.nz/kiwi-students-need-open-access/,http://nzcommons.org.nz/posts/kiwi-students-need-open-access.html
http://nzcommons.org.nz/open-access-publishing-uk/,http://nzcommons.org.nz/posts/open-access-publishing-uk.html
http://nzcommons.org.nz/statistics-nz/,http://nzcommons.org.nz/posts/statistics-nz.html
http://nzcommons.org.nz/open-access-megajournals-changed-everything/,http://nzcommons.org.nz/posts/open-access-megajournals-changed-everything.html
http://nzcommons.org.nz/ad-lib-novel-published-cc/,http://nzcommons.org.nz/posts/ad-lib-novel-published-cc.html
http://nzcommons.org.nz/wiki-new-zealand/,http://nzcommons.org.nz/posts/wiki-new-zealand.html
http://nzcommons.org.nz/open-access-role-universities-society/,http://nzcommons.org.nz/posts/open-access-role-universities-society.html
http://nzcommons.org.nz/open-access-pbrf/,http://nzcommons.org.nz/posts/open-access-pbrf.html
http://nzcommons.org.nz/tag/amanda-curnow,/categories/amanda-curnow/
http://nzcommons.org.nz/tag/mike-riversdale,/categories/mike-riversdale/
http://nzcommons.org.nz/authors-oppose-drm-ebooks/,http://nzcommons.org.nz/posts/authors-oppose-drm-ebooks.html
http://nzcommons.org.nz/weeks-2-and-3-of-the-creative-commons-road-trip/,http://nzcommons.org.nz/posts/weeks-2-and-3-of-the-creative-commons-road-trip.html
http://nzcommons.org.nz/tag/victoria-rea,/categories/victoria-rea/
http://nzcommons.org.nz/tag/marcus-stenfert-kroes,/categories/marcus-stenfert-kroes/
http://nzcommons.org.nz/rifleman/,http://nzcommons.org.nz/posts/rifleman.html
http://nzcommons.org.nz/tag/copyright,/categories/copyright/
http://nzcommons.org.nz/the-creative-commons-glam-roadtrip/,http://nzcommons.org.nz/posts/the-creative-commons-glam-roadtrip.html
http://nzcommons.org.nz/instagram-the-re-gram-creative-commons/,http://nzcommons.org.nz/posts/instagram-the-re-gram-creative-commons.html
http://nzcommons.org.nz/anatomy-teaching-model-patterns-licensed-cc/,http://nzcommons.org.nz/posts/anatomy-teaching-model-patterns-licensed-cc.html
http://nzcommons.org.nz/tag/main-menu,/categories/main-menu/
http://nzcommons.org.nz/open-access-scholarly-monographs/,http://nzcommons.org.nz/posts/open-access-scholarly-monographs.html
http://nzcommons.org.nz/makes-successful-hackday/,http://nzcommons.org.nz/posts/makes-successful-hackday.html
http://nzcommons.org.nz/my-problem-with-copyright/,http://nzcommons.org.nz/posts/my-problem-with-copyright.html
http://nzcommons.org.nz/tag/australian-national-copyright-unit,/categories/australian-national-copyright-unit/
http://nzcommons.org.nz/tag/katarina-gray-sharpe,/categories/katarina-gray-sharpe/
http://nzcommons.org.nz/fan-fiction-creative-commons/,http://nzcommons.org.nz/posts/fan-fiction-creative-commons.html
http://nzcommons.org.nz/evans-bay-image/,http://nzcommons.org.nz/posts/evans-bay-image.html
http://nzcommons.org.nz/disasteradio/,http://nzcommons.org.nz/posts/disasteradio.html
http://nzcommons.org.nz/big-year-oa-australia-2013/,http://nzcommons.org.nz/posts/big-year-oa-australia-2013.html
http://nzcommons.org.nz/oer-in-australia-its-time-has-come/,http://nzcommons.org.nz/posts/oer-in-australia-its-time-has-come.html
http://nzcommons.org.nz/oer-around-the-world/,http://nzcommons.org.nz/posts/oer-around-the-world.html
http://nzcommons.org.nz/open-textbooks/,http://nzcommons.org.nz/posts/open-textbooks.html
http://nzcommons.org.nz/tag/research,/categories/research/
http://nzcommons.org.nz/nz-screen-audio-culture/,http://nzcommons.org.nz/posts/nz-screen-audio-culture.html
http://nzcommons.org.nz/wanderin-judith-carnaby/,http://nzcommons.org.nz/posts/wanderin-judith-carnaby.html
http://nzcommons.org.nz/jon-lemmon/,http://nzcommons.org.nz/posts/jon-lemmon.html
http://nzcommons.org.nz/linz-data-service/,http://nzcommons.org.nz/posts/linz-data-service.html
http://nzcommons.org.nz/tag/cameron-mclean,/categories/cameron-mclean/
http://nzcommons.org.nz/te-papa-joins-commons/,http://nzcommons.org.nz/posts/te-papa-joins-commons.html
http://nzcommons.org.nz/ministry-environment/,http://nzcommons.org.nz/posts/ministry-environment.html
http://nzcommons.org.nz/tag/irene-gardiner,/categories/irene-gardiner/
http://nzcommons.org.nz/open-access-week-is-here-again/,http://nzcommons.org.nz/posts/open-access-week-is-here-again.html
http://nzcommons.org.nz/creative_commons_and_the_courts/,http://nzcommons.org.nz/posts/creative_commons_and_the_courts.html
http://nzcommons.org.nz/creative-commons-schools-roadtrip/,http://nzcommons.org.nz/posts/creative-commons-schools-roadtrip.html
http://nzcommons.org.nz/always-take-horse-can-drive-one-hand/,http://nzcommons.org.nz/posts/always-take-horse-can-drive-one-hand.html
http://nzcommons.org.nz/busy-year-commons-aotearoa/,http://nzcommons.org.nz/posts/busy-year-commons-aotearoa.html
http://nzcommons.org.nz/172/,http://nzcommons.org.nz/posts/172.html
http://nzcommons.org.nz/nz-on-screen-and-nga-taonga-sound-vision/,http://nzcommons.org.nz/posts/nz-on-screen-and-nga-taonga-sound-vision.html
http://nzcommons.org.nz/tag/elsbeth-hymes-hancock,/categories/elsbeth-hymes-hancock/
http://nzcommons.org.nz/more-collaboration-in-tertiary-ed/,http://nzcommons.org.nz/posts/more-collaboration-in-tertiary-ed.html
http://nzcommons.org.nz/tag/draft,/categories/draft/
http://nzcommons.org.nz/headlands/,http://nzcommons.org.nz/posts/headlands.html
http://nzcommons.org.nz/levelling-open-research-data/,http://nzcommons.org.nz/posts/levelling-open-research-data.html
http://nzcommons.org.nz/ogp/,http://nzcommons.org.nz/posts/ogp.html
http://nzcommons.org.nz/bronywyn-holloway-smith/,http://nzcommons.org.nz/posts/bronywyn-holloway-smith.html
http://nzcommons.org.nz/tag/anton-angelo,/categories/anton-angelo/
http://nzcommons.org.nz/tag/paul-callister,/categories/paul-callister/
http://nzcommons.org.nz/oer-university/,http://nzcommons.org.nz/posts/oer-university.html
http://nzcommons.org.nz/open-access-book-disciplines/,http://nzcommons.org.nz/posts/open-access-book-disciplines.html
http://nzcommons.org.nz/riverbank-painting-series-7/,http://nzcommons.org.nz/posts/riverbank-painting-series-7.html
http://nzcommons.org.nz/tag/heritage,/categories/heritage/
http://nzcommons.org.nz/kunstformen-der-natur/,http://nzcommons.org.nz/posts/kunstformen-der-natur.html
http://nzcommons.org.nz/tag/richard-white,/categories/richard-white/
http://nzcommons.org.nz/whats-licence/,http://nzcommons.org.nz/posts/whats-licence.html
http://nzcommons.org.nz/open-access-policy-in-aotearoa/,http://nzcommons.org.nz/posts/open-access-policy-in-aotearoa.html
http://nzcommons.org.nz/need-green-open-access/,http://nzcommons.org.nz/posts/need-green-open-access.html
http://nzcommons.org.nz/week-1-creative-commons-road-trip/,http://nzcommons.org.nz/posts/week-1-creative-commons-road-trip.html
http://nzcommons.org.nz/tag/featured,/categories/featured/
http://nzcommons.org.nz/nlnz-reuse-policy/,http://nzcommons.org.nz/posts/nlnz-reuse-policy.html
http://nzcommons.org.nz/nzs-open-education-resource-foundation/,http://nzcommons.org.nz/posts/nzs-open-education-resource-foundation.html
http://nzcommons.org.nz/open-access-challenge/,http://nzcommons.org.nz/posts/open-access-challenge.html
http://nzcommons.org.nz/taupaki-school/,http://nzcommons.org.nz/posts/taupaki-school.html
http://nzcommons.org.nz/nzta/,http://nzcommons.org.nz/posts/nzta.html
http://nzcommons.org.nz/tag/rupert-gatti,/categories/rupert-gatti/
http://nzcommons.org.nz/tag/sarah-davy,/categories/sarah-davy/
http://nzcommons.org.nz/do-i-really-have-to-think-about-copyright/,http://nzcommons.org.nz/posts/do-i-really-have-to-think-about-copyright.html
http://nzcommons.org.nz/open-access-publishers-perspective/,http://nzcommons.org.nz/posts/open-access-publishers-perspective.html
http://nzcommons.org.nz/bonnie-glen-mccurdys-castle/,http://nzcommons.org.nz/posts/bonnie-glen-mccurdys-castle.html
http://nzcommons.org.nz/waikato-independent/,http://nzcommons.org.nz/posts/waikato-independent.html
http://nzcommons.org.nz/about/,http://nzcommons.org.nz/stories/about.html
http://nzcommons.org.nz/copyright-and-open-access/,http://nzcommons.org.nz/posts/copyright-and-open-access.html
http://nzcommons.org.nz/cultural-heritage-science/,http://nzcommons.org.nz/posts/cultural-heritage-science.html
http://nzcommons.org.nz/creative-commons-kitchen-2/,http://nzcommons.org.nz/posts/creative-commons-kitchen-2.html
http://nzcommons.org.nz/tag/alec-duncan,/categories/alec-duncan/
http://nzcommons.org.nz/ministry-culture-heritage/,http://nzcommons.org.nz/posts/ministry-culture-heritage.html
http://nzcommons.org.nz/open-scholars-needed-open-access/,http://nzcommons.org.nz/posts/open-scholars-needed-open-access.html
http://nzcommons.org.nz/open-access-open-access/,http://nzcommons.org.nz/posts/open-access-open-access.html
http://nzcommons.org.nz/wellington-city-council/,http://nzcommons.org.nz/posts/wellington-city-council.html
http://nzcommons.org.nz/tag/thomas-huthwaite,/categories/thomas-huthwaite/
http://nzcommons.org.nz/tag/billy-meinke,/categories/billy-meinke/
http://nzcommons.org.nz/tag/deborah-fitchett,/categories/deborah-fitchett/
http://nzcommons.org.nz/open-access-in-aotearoa-where-we-are-now/,http://nzcommons.org.nz/posts/open-access-in-aotearoa-where-we-are-now.html
http://nzcommons.org.nz/tag/lucy-montgomery,/categories/lucy-montgomery/
http://nzcommons.org.nz/lend-wikipedia-cameras/,http://nzcommons.org.nz/posts/lend-wikipedia-cameras.html
http://nzcommons.org.nz/recent-changes-cc-aotearoa/,http://nzcommons.org.nz/posts/recent-changes-cc-aotearoa.html
http://nzcommons.org.nz/tag/nathan-parker,/categories/nathan-parker/
http://nzcommons.org.nz/open-media-textbook-hack/,http://nzcommons.org.nz/posts/open-media-textbook-hack.html
http://nzcommons.org.nz/greek-gifts/,http://nzcommons.org.nz/posts/greek-gifts.html
http://nzcommons.org.nz/tag/arts,/categories/arts/
http://nzcommons.org.nz/194/,http://nzcommons.org.nz/posts/194.html
http://nzcommons.org.nz/the-computer-science-field-guide/,http://nzcommons.org.nz/posts/the-computer-science-field-guide.html
http://nzcommons.org.nz/world-war-1-nz-machine-gunners/,http://nzcommons.org.nz/posts/world-war-1-nz-machine-gunners.html
http://nzcommons.org.nz/contribute/,http://nzcommons.org.nz/stories/contribute.html
http://nzcommons.org.nz/review-key-open-access/,http://nzcommons.org.nz/posts/review-key-open-access.html
http://nzcommons.org.nz/vicky-holloway/,http://nzcommons.org.nz/posts/vicky-holloway.html
http://nzcommons.org.nz/koordinates/,http://nzcommons.org.nz/posts/koordinates.html
http://nzcommons.org.nz/teaching-reproducible-open-collaborative-science/,http://nzcommons.org.nz/posts/teaching-reproducible-open-collaborative-science.html
http://nzcommons.org.nz/kakahi-falls-near-tawhata/,http://nzcommons.org.nz/posts/kakahi-falls-near-tawhata.html
http://nzcommons.org.nz/open-access-conference-literature/,http://nzcommons.org.nz/posts/open-access-conference-literature.html
http://nzcommons.org.nz/richard-white/,http://nzcommons.org.nz/posts/richard-white.html
http://nzcommons.org.nz/challenge-scholarly-societies/,http://nzcommons.org.nz/posts/challenge-scholarly-societies.html
http://nzcommons.org.nz/nzgoal/,http://nzcommons.org.nz/posts/nzgoal.html
http://nzcommons.org.nz/tag/eric-hellman,/categories/eric-hellman/
http://nzcommons.org.nz/privacy/,http://nzcommons.org.nz/stories/privacy.html
http://nzcommons.org.nz/tag/education,/categories/education/
http://nzcommons.org.nz/gns-geonet/,http://nzcommons.org.nz/posts/gns-geonet.html
http://nzcommons.org.nz/opening-new-zealands-war-photography/,http://nzcommons.org.nz/posts/opening-new-zealands-war-photography.html
http://nzcommons.org.nz/creative-commons-new-zealand-principals/,http://nzcommons.org.nz/posts/creative-commons-new-zealand-principals.html
http://nzcommons.org.nz/giving-away/,http://nzcommons.org.nz/posts/giving-away.html
http://nzcommons.org.nz/pennys-poem/,http://nzcommons.org.nz/posts/pennys-poem.html
http://nzcommons.org.nz/lincoln-universitys-open-access-policy/,http://nzcommons.org.nz/posts/lincoln-universitys-open-access-policy.html
http://nzcommons.org.nz/oer-sprints/,http://nzcommons.org.nz/posts/oer-sprints.html
http://nzcommons.org.nz/biosecurity/,http://nzcommons.org.nz/posts/biosecurity.html
http://nzcommons.org.nz/tag/christina-emery,/categories/christina-emery/
http://nzcommons.org.nz/mandatory-research-deposit-university-canterbury/,http://nzcommons.org.nz/posts/mandatory-research-deposit-university-canterbury.html
http://nzcommons.org.nz/tag/penny-carnaby,/categories/penny-carnaby/
http://nzcommons.org.nz/journalists-need-open-access/,http://nzcommons.org.nz/posts/journalists-need-open-access.html
http://nzcommons.org.nz/open-visual-representations/,http://nzcommons.org.nz/posts/open-visual-representations.html
http://nzcommons.org.nz/welcome-nzcommons/,http://nzcommons.org.nz/posts/welcome-nzcommons.html
http://nzcommons.org.nz/tag/hemma-vara,/categories/hemma-vara/
http://nzcommons.org.nz/fostering-open-science-open-data-nz/,http://nzcommons.org.nz/posts/fostering-open-science-open-data-nz.html
http://nzcommons.org.nz/tag/footer-menu,/categories/footer-menu/
http://nzcommons.org.nz/jem-yoshioka/,http://nzcommons.org.nz/posts/jem-yoshioka.html
http://nzcommons.org.nz/wellington-harbour/,http://nzcommons.org.nz/posts/wellington-harbour.html
http://nzcommons.org.nz/open-education-on-the-road/,http://nzcommons.org.nz/posts/open-education-on-the-road.html
http://nzcommons.org.nz/creating-a-copyright-work-is-my-time-and-effort-enough/,http://nzcommons.org.nz/posts/creating-a-copyright-work-is-my-time-and-effort-enough.html
http://nzcommons.org.nz/tag/judith-carnaby,/categories/judith-carnaby/
http://nzcommons.org.nz/tag/matt-mcgregor,/categories/matt-mcgregor/
http://nzcommons.org.nz/open-access-scholarly-publications/,http://nzcommons.org.nz/posts/open-access-scholarly-publications.html
http://nzcommons.org.nz/where-to-next-for-open-education/,http://nzcommons.org.nz/posts/where-to-next-for-open-education.html
http://nzcommons.org.nz/irises/,http://nzcommons.org.nz/posts/irises.html
http://nzcommons.org.nz/artistic-work-original/,http://nzcommons.org.nz/posts/artistic-work-original.html
http://nzcommons.org.nz/dylan-horrocks/,http://nzcommons.org.nz/posts/dylan-horrocks.html
http://nzcommons.org.nz/copyright-in-academic-publishing/,http://nzcommons.org.nz/posts/copyright-in-academic-publishing.html
http://nzcommons.org.nz/creative-commons-road-trip-2015/,http://nzcommons.org.nz/posts/creative-commons-road-trip-2015.html
http://nzcommons.org.nz/new-zealand-teachers-copyright-and-copyright-reform/,http://nzcommons.org.nz/posts/new-zealand-teachers-copyright-and-copyright-reform.html
http://nzcommons.org.nz/education-a-commons-based-future/,http://nzcommons.org.nz/posts/education-a-commons-based-future.html
http://nzcommons.org.nz/gif-it-up-2015/,http://nzcommons.org.nz/posts/gif-it-up-2015.html
http://nzcommons.org.nz/tag/bill-anderson,/categories/bill-anderson/
http://nzcommons.org.nz/automobile-polo-1911/,http://nzcommons.org.nz/posts/automobile-polo-1911.html
http://nzcommons.org.nz/need-libre-open-access/,http://nzcommons.org.nz/posts/need-libre-open-access.html
http://nzcommons.org.nz/the-fair-in-fair-dealing/,http://nzcommons.org.nz/posts/the-fair-in-fair-dealing.html
http://nzcommons.org.nz/meena-kadri/,http://nzcommons.org.nz/posts/meena-kadri.html
http://nzcommons.org.nz/epress-open-access-publishing-unitec/,http://nzcommons.org.nz/posts/epress-open-access-publishing-unitec.html
http://nzcommons.org.nz/tag/elizabeth-heritage,/categories/elizabeth-heritage/
http://nzcommons.org.nz/tag/data,/categories/data/
http://nzcommons.org.nz/nz-needs-open-education/,http://nzcommons.org.nz/posts/nz-needs-open-education.html
http://nzcommons.org.nz/dan-untitled/,http://nzcommons.org.nz/posts/dan-untitled.html
http://nzcommons.org.nz/tag/tim-bell,/categories/tim-bell/
http://nzcommons.org.nz/illustrating-creative-commons/,http://nzcommons.org.nz/posts/illustrating-creative-commons.html
http://nzcommons.org.nz/open-access-publishing-unglue/,http://nzcommons.org.nz/posts/open-access-publishing-unglue.html
http://nzcommons.org.nz/tag/images,/categories/images/
http://nzcommons.org.nz/embargoes-academic-publishing-delaying-inevitable/,http://nzcommons.org.nz/posts/embargoes-academic-publishing-delaying-inevitable.html
http://nzcommons.org.nz/politicians-use-cc-licences/,http://nzcommons.org.nz/posts/politicians-use-cc-licences.html
http://nzcommons.org.nz/share-oers-legally/,http://nzcommons.org.nz/posts/share-oers-legally.html
